{"@class":"Script_Ocean","enableOnAwake":false,"id":{"uuid":"87E8BFDB-6A52-4657-81ED-C9CA593E0BA6"},"name":"Script_Ocean","ocean_choppy_scale":1.2999999523162842,"ocean_color":{"values":[0.07000000029802322,0.15000000596046448,0.20000000298023224]},"ocean_enabled":false,"ocean_level":1.0,"ocean_time_scale":0.800000011920929,"ocean_wave_amplitude":0.3499999940395355,"ocean_wind_dir":{"values":[0.800000011920929,0.6000000238418579]},"ocean_wind_speed":600.0}